name,category,access_use,resource_type,community,address,lat,lon,source_url
Earl Mix Park,Drinking Fountains,0,Park,Rockford,"301 W. 4th St, Deer Park, Wa 99006",47.957460270426374,-117.4822929093957,https://services7.arcgis.com/YGmp70c76pih9ea2/arcgis/rest/services/Town_of_Rockford_Cooling_Resources_Map/FeatureServer/2
Saint Joseph's Catholic Church,Cooling Centers and Spaces,1,Church,Rockford,"138 South River Street Rockford, WA 99030",47.450458034410154,-117.13496695139207,https://services7.arcgis.com/YGmp70c76pih9ea2/arcgis/rest/services/Town_of_Rockford_Cooling_Resources_Map/FeatureServer/0
Rockford United Methodist Church,Cooling Centers and Spaces,1,Church,Rockford,"217 S First Street Rockford, Washington 99030",47.45002983741817,-117.13120900892238,https://services7.arcgis.com/YGmp70c76pih9ea2/arcgis/rest/services/Town_of_Rockford_Cooling_Resources_Map/FeatureServer/0
Thiel Park,Parks,0,Parks,Fairfield,"110 1st St, Fairfield, WA 99012",47.38602822403101,-117.1738738260641,https://services7.arcgis.com/YGmp70c76pih9ea2/arcgis/rest/services/Town_of_Fairfield_Cooling_Resources_Map/FeatureServer/4
Hart Park,Parks,0,Parks,Fairfield,"317 E Main St, Fairfield, WA 99012",47.38594088738929,-117.16870880553958,https://services7.arcgis.com/YGmp70c76pih9ea2/arcgis/rest/services/Town_of_Fairfield_Cooling_Resources_Map/FeatureServer/4
Fairfield Library,Cooling Centers and Spaces,1,Library,Fairfield,"305 E. Main Street Fairfield, WA 99012",47.385637766980615,-117.17027789781345,https://services7.arcgis.com/YGmp70c76pih9ea2/arcgis/rest/services/Town_of_Fairfield_Cooling_Resources_Map/FeatureServer/0
Millwood Park,Parks,0,Parks,Millwood,"9241 E Frederick Ave, Spokane, WA 99206",47.6854198140328,-117.28045599225649,https://services7.arcgis.com/YGmp70c76pih9ea2/arcgis/rest/services/City_of_Millwood_Cooling_Resources_Map/FeatureServer/4
Millwood City Park Wading Pool,Public Pools,0,Public Pools,Millwood,"9241 E Frederick Ave, Spokane, WA 99206",47.68556246137318,-117.28052707091818,https://services7.arcgis.com/YGmp70c76pih9ea2/arcgis/rest/services/City_of_Millwood_Cooling_Resources_Map/FeatureServer/3
Millwood Park,Splash Pads,0,Splash Pads,Millwood,"9241 E Frederick Ave, Spokane, WA 99206",47.685537182126104,-117.28021325238166,https://services7.arcgis.com/YGmp70c76pih9ea2/arcgis/rest/services/City_of_Millwood_Cooling_Resources_Map/FeatureServer/1
Argonne Library,Cooling Centers and Spaces,1,Library,Millwood,"4322 N Argonne Rd, Spokane Valley, WA 99212",47.69639738120584,-117.2822035463907,https://services7.arcgis.com/YGmp70c76pih9ea2/arcgis/rest/services/City_of_Millwood_Cooling_Resources_Map/FeatureServer/0
Waterfront Park,Parks,0,Parks,Medical Lake,"1300 S Lefevre St, Medical Lake, WA 99022",47.56437789223411,-117.69464794295689,https://services7.arcgis.com/YGmp70c76pih9ea2/arcgis/rest/services/City_of_Medical_Lake_Cooling_Resources_Map/FeatureServer/4
Coney Island Park,Parks,0,Parks,Medical Lake,"N Jefferson St, Medical Lake, WA 99022",47.57296957352669,-117.68441252294352,https://services7.arcgis.com/YGmp70c76pih9ea2/arcgis/rest/services/City_of_Medical_Lake_Cooling_Resources_Map/FeatureServer/4
Peper Park,Parks,0,Parks,Medical Lake,"Peper Park, W 4th St, Medical Lake, WA, 99022, USA",47.577425976188934,-117.6882600527082,https://services7.arcgis.com/YGmp70c76pih9ea2/arcgis/rest/services/City_of_Medical_Lake_Cooling_Resources_Map/FeatureServer/4
Shepard Field,Parks,0,Parks,Medical Lake,"320 E Norma Lee Ave, Medical Lake, WA 99022",47.584100990516816,-117.67935515022126,https://services7.arcgis.com/YGmp70c76pih9ea2/arcgis/rest/services/City_of_Medical_Lake_Cooling_Resources_Map/FeatureServer/4
Pioneer Park,Parks,0,Parks,Medical Lake,E. 515 Barker St.,47.576154298455066,-117.6769169688494,https://services7.arcgis.com/YGmp70c76pih9ea2/arcgis/rest/services/City_of_Medical_Lake_Cooling_Resources_Map/FeatureServer/4
Medical Lake Library,Cooling Centers and Spaces,1,Library,Medical Lake,"321 E Herb St, Medical Lake, WA 99022",47.57151339827689,-117.67776936184598,https://services7.arcgis.com/YGmp70c76pih9ea2/arcgis/rest/services/City_of_Medical_Lake_Cooling_Resources_Map/FeatureServer/0
Orchard Park,Parks,0,Parks,Liberty Lake,"20298 E Indiana Ave, Liberty Lake, Wa 99019",47.675053117910345,-117.13191974688894,https://services7.arcgis.com/YGmp70c76pih9ea2/arcgis/rest/services/City_of_Liberty_Lake/FeatureServer/4
Pavillion Park,Parks,0,Parks,Liberty Lake,"727 N Molter Rd, Liberty Lake, WA 99019",47.663715173896435,-117.09202492102521,https://services7.arcgis.com/YGmp70c76pih9ea2/arcgis/rest/services/City_of_Liberty_Lake/FeatureServer/4
Rocky Hill Park,Parks,0,Parks,Liberty Lake,"24901 E Mission Ave, Liberty Lake, WA",47.67192456337342,-117.07030945901994,https://services7.arcgis.com/YGmp70c76pih9ea2/arcgis/rest/services/City_of_Liberty_Lake/FeatureServer/4
Town Square Park,Parks,0,Parks,Liberty Lake,"1421 N Meadowwood Ln, Liberty Lake, WA 99019",47.67153097201141,-117.1022021290776,https://services7.arcgis.com/YGmp70c76pih9ea2/arcgis/rest/services/City_of_Liberty_Lake/FeatureServer/4
Liberty Lake Athletic Club,Public Pools,0,Public Pools,Liberty Lake,"23410 E Mission Ave, Liberty Lake, WA 99019",47.6708174443265,-117.09068736857314,https://services7.arcgis.com/YGmp70c76pih9ea2/arcgis/rest/services/City_of_Liberty_Lake/FeatureServer/3
Pavillion Park,Drinking Fountains,0,Park,Liberty Lake,"727 N Molter Rd, Liberty Lake, WA 99019",47.66320937490528,-117.09168159827139,https://services7.arcgis.com/YGmp70c76pih9ea2/arcgis/rest/services/City_of_Liberty_Lake/FeatureServer/2
Orchard Park,Splash Pads,0,Splash Pads,Liberty Lake,"20298 E Indiana Ave, Liberty Lake, Wa 99019",47.675092687151874,-117.13097104058079,https://services7.arcgis.com/YGmp70c76pih9ea2/arcgis/rest/services/City_of_Liberty_Lake/FeatureServer/1
Pavillion Park,Splash Pads,0,Splash Pads,Liberty Lake,"727 N Molter Rd, Liberty Lake, WA 99019",47.66305998219906,-117.09038059354671,https://services7.arcgis.com/YGmp70c76pih9ea2/arcgis/rest/services/City_of_Liberty_Lake/FeatureServer/1
Liberty Lake Athletic Club,Cooling Centers and Spaces,1,Recreation Center,Liberty Lake,"23410 E Mission Ave, Liberty Lake, WA 99019",47.67074519745924,-117.09107092446226,https://services7.arcgis.com/YGmp70c76pih9ea2/arcgis/rest/services/City_of_Liberty_Lake/FeatureServer/0
Liberty Lake Municipal Library,Cooling Centers and Spaces,1,Library,Liberty Lake,"23123 E Mission Ave, Liberty Lake, WA 99019",47.671794274864695,-117.0939853960155,https://services7.arcgis.com/YGmp70c76pih9ea2/arcgis/rest/services/City_of_Liberty_Lake/FeatureServer/0
Otis Orchards Library,Cooling Centers and Spaces,1,Library,Liberty Lake,"22324 E Wellesley Ave, Otis Orchards, WA 99027",47.69992099865674,-117.10596514730987,https://services7.arcgis.com/YGmp70c76pih9ea2/arcgis/rest/services/City_of_Liberty_Lake/FeatureServer/0
Earl D. Mix Park,Parks,0,Parks,Deer Park,"301 W 4th St, Deer Park, WA 99006",47.95810799670499,-117.48259151324747,https://services7.arcgis.com/YGmp70c76pih9ea2/arcgis/rest/services/City_of_Deer_Park_Cooling_Resources_Map/FeatureServer/4
James G Swinyard Park,Parks,0,Parks,Deer Park," 200 E B St, Deer Park, WA, 99006, USA",47.95209664833676,-117.47400106124687,https://services7.arcgis.com/YGmp70c76pih9ea2/arcgis/rest/services/City_of_Deer_Park_Cooling_Resources_Map/FeatureServer/4
Perrins Field,Parks,0,Parks,Deer Park,"14 N Arnim Ave, Deer Park, WA 99006",47.954547099784556,-117.47302198882426,https://services7.arcgis.com/YGmp70c76pih9ea2/arcgis/rest/services/City_of_Deer_Park_Cooling_Resources_Map/FeatureServer/4
Deer Park Meadows Park,Parks,0,Parks,Deer Park,"1100 N Main St, Deer Park, WA 99006",47.96410728743735,-117.4762075810634,https://services7.arcgis.com/YGmp70c76pih9ea2/arcgis/rest/services/City_of_Deer_Park_Cooling_Resources_Map/FeatureServer/4
Deer Park City Kids Pool,Public Pools,0,Public Pools,Deer Park,"226 South Margaret Deer Park, WA 99006",47.95185707338436,-117.47322086479289,https://services7.arcgis.com/YGmp70c76pih9ea2/arcgis/rest/services/City_of_Deer_Park_Cooling_Resources_Map/FeatureServer/3
Deer Park Library,Cooling Centers and Spaces,1,Library,Deer Park,"208 S Forest Ave Deer Park, WA 99006",47.95245689471457,-117.46091386159542,https://services7.arcgis.com/YGmp70c76pih9ea2/arcgis/rest/services/City_of_Deer_Park_Cooling_Resources_Map/FeatureServer/0
Sunset Park,Parks,0,Parks,Airway Heights,"913 S Lawson St, Airway Heights, Wa 99001",47.64769363416504,-117.58914825394116,https://services7.arcgis.com/YGmp70c76pih9ea2/arcgis/rest/services/City_of_Airway_Heights_Cooling_Resources_Map/FeatureServer/4
Shorty Combs Park,Parks,0,Parks,Airway Heights,"E 18th Ave, Airway Heights, WA 99001",47.63940137582308,-117.58460572415706,https://services7.arcgis.com/YGmp70c76pih9ea2/arcgis/rest/services/City_of_Airway_Heights_Cooling_Resources_Map/FeatureServer/4
Cleveland Park,Parks,0,Parks,Airway Heights,"335 S Campbell St, Airway Heights, Wa 99001",47.65231616417434,-117.58529318626857,https://services7.arcgis.com/YGmp70c76pih9ea2/arcgis/rest/services/City_of_Airway_Heights_Cooling_Resources_Map/FeatureServer/4
Traditions Park,Parks,0,Parks,Airway Heights,"508 South Lawson St, Airway Heights, WA 99001",47.6510677190256,-117.58829096340988,https://services7.arcgis.com/YGmp70c76pih9ea2/arcgis/rest/services/City_of_Airway_Heights_Cooling_Resources_Map/FeatureServer/4
Airway Heights Aquatic Center,Public Pools,0,Public Pools,Airway Heights,"11405 W Deno Rd, Spokane, WA 99224",47.67093511572159,-117.56909807083167,https://services7.arcgis.com/YGmp70c76pih9ea2/arcgis/rest/services/City_of_Airway_Heights_Cooling_Resources_Map/FeatureServer/3
Sunset Park,Splash Pads,0,Splash Pads,Airway Heights,"913 S Lawson St, Airway Heights, Wa 99001",47.647222579085465,-117.58837974541333,https://services7.arcgis.com/YGmp70c76pih9ea2/arcgis/rest/services/City_of_Airway_Heights_Cooling_Resources_Map/FeatureServer/1
Airway Heights Aquatic Center,Cooling Centers and Spaces,1,Recreation Center,Airway Heights,"11405 W Deno Rd, Spokane, WA 99224",47.670861062792994,-117.56873060835981,https://services7.arcgis.com/YGmp70c76pih9ea2/arcgis/rest/services/City_of_Airway_Heights_Cooling_Resources_Map/FeatureServer/0
Airway Heights Library,Cooling Centers and Spaces,1,Library,Airway Heights,"1213 S Lundstrom St, Airway Heights, WA 99001",47.64446996376162,-117.59271953146931,https://services7.arcgis.com/YGmp70c76pih9ea2/arcgis/rest/services/City_of_Airway_Heights_Cooling_Resources_Map/FeatureServer/0
Browns Park,Parks,0,Parks,Spokane Valley,"3101 S Pines Road Spokane Valley, WA 99216",47.629351282625734,-117.23825138334077,https://services7.arcgis.com/YGmp70c76pih9ea2/arcgis/rest/services/City_of_Spokane_Valley_Cooling_Resources/FeatureServer/4
Castle Park,Parks,0,Parks,Spokane Valley,"3415 S University Road Spokane Valley, WA 99206",47.626057513181934,-117.26043887216616,https://services7.arcgis.com/YGmp70c76pih9ea2/arcgis/rest/services/City_of_Spokane_Valley_Cooling_Resources/FeatureServer/4
Centennial Trail,Parks,0,Parks,Spokane Valley,"2663-2733 N Harvard Road Liberty Lake, WA 99019",47.6826512883323,-117.11077371645214,https://services7.arcgis.com/YGmp70c76pih9ea2/arcgis/rest/services/City_of_Spokane_Valley_Cooling_Resources/FeatureServer/4
Edgecliff Park,Parks,0,Parks,Spokane Valley,"800 S Park Rd, Spokane Valley, WA",47.650070428328235,-117.30494796233918,https://services7.arcgis.com/YGmp70c76pih9ea2/arcgis/rest/services/City_of_Spokane_Valley_Cooling_Resources/FeatureServer/4
Greenacres Park,Parks,0,Parks,Spokane Valley,"1311 N Long Road Spokane Valley, WA 99216",47.66937015971351,-117.16619071410449,https://services7.arcgis.com/YGmp70c76pih9ea2/arcgis/rest/services/City_of_Spokane_Valley_Cooling_Resources/FeatureServer/4
Mirabeau Point Park,Parks,0,Parks,Spokane Valley,"13500 Mirabeau Parkway Spokane Valley, WA 99216",47.685348714696254,-117.22623891999267,https://services7.arcgis.com/YGmp70c76pih9ea2/arcgis/rest/services/City_of_Spokane_Valley_Cooling_Resources/FeatureServer/4
Discovery Playground,Parks,0,Parks,Spokane Valley,"2426 N Discovery Pl, Spokane Valley, WA 99216",47.67838693144592,-117.22388366130431,https://services7.arcgis.com/YGmp70c76pih9ea2/arcgis/rest/services/City_of_Spokane_Valley_Cooling_Resources/FeatureServer/4
Sullivan Park,Parks,0,Parks,Spokane Valley,"1901 N Sullivan Road Spokane Valley, WA 99216",47.67514600060378,-117.19844084094369,https://services7.arcgis.com/YGmp70c76pih9ea2/arcgis/rest/services/City_of_Spokane_Valley_Cooling_Resources/FeatureServer/4
Terrace View Park,Parks,0,Parks,Spokane Valley,"13525 E 24th Avenue Spokane Valley, WA 99216",47.63680877655379,-117.22222120400511,https://services7.arcgis.com/YGmp70c76pih9ea2/arcgis/rest/services/City_of_Spokane_Valley_Cooling_Resources/FeatureServer/4
Valley Mission Park,Parks,0,Parks,Spokane Valley,"11123 E Mission Spokane Valley, WA 99206",47.67341853554261,-117.25532783799957,https://services7.arcgis.com/YGmp70c76pih9ea2/arcgis/rest/services/City_of_Spokane_Valley_Cooling_Resources/FeatureServer/4
Spokane Valley YMCA,Public Pools,0,Public Pools,Spokane Valley,"2421 N Discovery Pl, Spokane Valley, WA 99216",47.679961792517695,-117.22638753113634,https://services7.arcgis.com/YGmp70c76pih9ea2/arcgis/rest/services/City_of_Spokane_Valley_Cooling_Resources/FeatureServer/3
Park Road Pool with Slide Feature,Public Pools,0,Public Pools,Spokane Valley,"906 N Park Rd, Spokane, WA 99212",47.6653473761561,-117.30281674193819,https://services7.arcgis.com/YGmp70c76pih9ea2/arcgis/rest/services/City_of_Spokane_Valley_Cooling_Resources/FeatureServer/3
Terrace View with Lazy River Feature,Public Pools,0,Public Pools,Spokane Valley,"13525 E 24th Ave, Spokane, WA 99216",47.63626417032042,-117.22139501853526,https://services7.arcgis.com/YGmp70c76pih9ea2/arcgis/rest/services/City_of_Spokane_Valley_Cooling_Resources/FeatureServer/3
Valley Mission Pool with Zero Depth Entry Pool,Public Pools,0,Public Pools,Spokane Valley,"11123 E Mission Ave, Spokane Valley, WA 99206",47.67256064005875,-117.25179388138508,https://services7.arcgis.com/YGmp70c76pih9ea2/arcgis/rest/services/City_of_Spokane_Valley_Cooling_Resources/FeatureServer/3
Browns Park,Drinking Fountains,0,Park,Spokane Valley,"3101 S Pines Road Spokane Valley, WA 99216",47.62874563099929,-117.23904904177363,https://services7.arcgis.com/YGmp70c76pih9ea2/arcgis/rest/services/City_of_Spokane_Valley_Cooling_Resources/FeatureServer/2
Greenacres Park,Drinking Fountains,0,Park,Spokane Valley,"1311 N Long Road Spokane Valley, WA 99216",47.669314869531625,-117.16497358884007,https://services7.arcgis.com/YGmp70c76pih9ea2/arcgis/rest/services/City_of_Spokane_Valley_Cooling_Resources/FeatureServer/2
Mirabeau Point Park,Drinking Fountains,0,Park,Spokane Valley,"13500 Mirabeau Parkway Spokane Valley, WA 99216",47.68494875781904,-117.22579635550535,https://services7.arcgis.com/YGmp70c76pih9ea2/arcgis/rest/services/City_of_Spokane_Valley_Cooling_Resources/FeatureServer/2
Discovery Playground,Drinking Fountains,0,Park,Spokane Valley,"2426 N Discovery Pl, Spokane Valley, WA 99216",47.67810280131593,-117.22395786902625,https://services7.arcgis.com/YGmp70c76pih9ea2/arcgis/rest/services/City_of_Spokane_Valley_Cooling_Resources/FeatureServer/2
Terrace View Park,Drinking Fountains,0,Park,Spokane Valley,"13525 E 24th Avenue Spokane Valley, WA 99216",47.63597186758661,-117.22234711852923,https://services7.arcgis.com/YGmp70c76pih9ea2/arcgis/rest/services/City_of_Spokane_Valley_Cooling_Resources/FeatureServer/2
Valley Mission Park,Drinking Fountains,0,Park,Spokane Valley,"11123 E Mission Spokane Valley, WA 99206",47.67201783406933,-117.25459392743504,https://services7.arcgis.com/YGmp70c76pih9ea2/arcgis/rest/services/City_of_Spokane_Valley_Cooling_Resources/FeatureServer/2
Edgecliff Park,Drinking Fountains,0,Park,Spokane Valley,"800 S Park Rd, Spokane Valley, WA",47.651002613715725,-117.304836621241,https://services7.arcgis.com/YGmp70c76pih9ea2/arcgis/rest/services/City_of_Spokane_Valley_Cooling_Resources/FeatureServer/2
Appleway Trail,Drinking Fountains,0,Trail,Spokane Valley,"213 S University Rd, Ste 1, Spokane Valley, Washington, 99206",47.65498318713291,-117.2608747039496,https://services7.arcgis.com/YGmp70c76pih9ea2/arcgis/rest/services/City_of_Spokane_Valley_Cooling_Resources/FeatureServer/2
Water Fountain - Out of Order ,Drinking Fountains,0,Park ,Spokane Valley,,47.69844046178862,-117.34984656155235,https://services7.arcgis.com/YGmp70c76pih9ea2/arcgis/rest/services/City_of_Spokane_Valley_Cooling_Resources/FeatureServer/2
Browns Park,Splash Pads,0,Splash Pads,Spokane Valley,"3101 S Pines Road Spokane Valley, WA 99216",47.62841342826235,-117.23924081934987,https://services7.arcgis.com/YGmp70c76pih9ea2/arcgis/rest/services/City_of_Spokane_Valley_Cooling_Resources/FeatureServer/1
Edgecliff Park,Splash Pads,0,Splash Pads,Spokane Valley,"800 S Park Rd, Spokane Valley, WA",47.650846022720415,-117.30498439595944,https://services7.arcgis.com/YGmp70c76pih9ea2/arcgis/rest/services/City_of_Spokane_Valley_Cooling_Resources/FeatureServer/1
Greenacres Park,Splash Pads,0,Splash Pads,Spokane Valley,"1311 N Long Road Spokane Valley, WA 99216",47.668426148015506,-117.16519695568083,https://services7.arcgis.com/YGmp70c76pih9ea2/arcgis/rest/services/City_of_Spokane_Valley_Cooling_Resources/FeatureServer/1
Discovery Playground,Splash Pads,0,Splash Pads,Spokane Valley,"2426 N Discovery Pl, Spokane Valley, WA 99216",47.67786272407196,-117.22403593650698,https://services7.arcgis.com/YGmp70c76pih9ea2/arcgis/rest/services/City_of_Spokane_Valley_Cooling_Resources/FeatureServer/1
Spokane Valley Senior Center,Cooling Centers and Spaces,1,Senior Center,Spokane Valley,"2426 N Discovery Pl, Spokane Valley, WA 99216",47.6800766328802,-117.22353139762932,https://services7.arcgis.com/YGmp70c76pih9ea2/arcgis/rest/services/City_of_Spokane_Valley_Cooling_Resources/FeatureServer/0
Spokane Valley Library,Cooling Centers and Spaces,1,Library,Spokane Valley,"22 N Herald Rd, Spokane Valley, WA 99206",47.65777688225507,-117.26873055920947,https://services7.arcgis.com/YGmp70c76pih9ea2/arcgis/rest/services/City_of_Spokane_Valley_Cooling_Resources/FeatureServer/0
Argonne Library,Cooling Centers and Spaces,1,Library,Spokane Valley,"4322 N Argonne Rd, Spokane Valley, WA 99212",47.69638474420953,-117.28205334268597,https://services7.arcgis.com/YGmp70c76pih9ea2/arcgis/rest/services/City_of_Spokane_Valley_Cooling_Resources/FeatureServer/0
Spokane Valley Mall,Cooling Centers and Spaces,1,Shopping Mall,Spokane Valley,"14700 East Indiana Avenue, Spokane Valley, WA 99216",47.67359447151288,-117.20770720262418,https://services7.arcgis.com/YGmp70c76pih9ea2/arcgis/rest/services/City_of_Spokane_Valley_Cooling_Resources/FeatureServer/0
Spokane Valley YMCA,Cooling Centers and Spaces,1,Recreation Center,Spokane Valley,"2421 N Discovery Pl, Spokane Valley, WA 99216",47.68005930853906,-117.2265860146034,https://services7.arcgis.com/YGmp70c76pih9ea2/arcgis/rest/services/City_of_Spokane_Valley_Cooling_Resources/FeatureServer/0
A.M. Cannon Park,Parks,0,Parks,Spokane,"1511 N Elm St, Spokane, WA 99205, United States",47.671554764369496,-117.44172604065001,https://services7.arcgis.com/YGmp70c76pih9ea2/arcgis/rest/services/City_of_Spokane_Cooling_Resources_Map/FeatureServer/4
Audubon Park,Parks,0,Parks,Spokane,"3405 N Milton St, Spokane, Washington, 99205",47.6904124650732,-117.45381207086528,https://services7.arcgis.com/YGmp70c76pih9ea2/arcgis/rest/services/City_of_Spokane_Cooling_Resources_Map/FeatureServer/4
Ben Burr Park,Parks,0,Parks,Spokane,"4401 S Havana St, Spokane, Washington, 99223",47.6137274052347,-117.34549403500299,https://services7.arcgis.com/YGmp70c76pih9ea2/arcgis/rest/services/City_of_Spokane_Cooling_Resources_Map/FeatureServer/4
"Bryne, Patrick S. Park",Parks,0,Parks,Spokane,"125 E Walton Ave, Spokane, Washington, 99207",47.69495286067311,-117.4083290509642,https://services7.arcgis.com/YGmp70c76pih9ea2/arcgis/rest/services/City_of_Spokane_Cooling_Resources_Map/FeatureServer/4
Cannon Hill Park,Parks,0,Parks,Spokane,"W. 19th Ave, Spokane, WA, 99203, USA",47.638419797503914,-117.42195207796074,https://services7.arcgis.com/YGmp70c76pih9ea2/arcgis/rest/services/City_of_Spokane_Cooling_Resources_Map/FeatureServer/4
Chief Garry Park,Parks,0,Parks,Spokane,"2515 E Sinto Ave, Spokane, Washington, 99202",47.671417590460585,-117.37239718314899,https://services7.arcgis.com/YGmp70c76pih9ea2/arcgis/rest/services/City_of_Spokane_Cooling_Resources_Map/FeatureServer/4
B.A. Clark,Parks,0,Parks,Spokane,"3922 N Normandie St, Spokane, WA, 99207, USA",47.69466975838589,-117.413131807658,https://services7.arcgis.com/YGmp70c76pih9ea2/arcgis/rest/services/City_of_Spokane_Cooling_Resources_Map/FeatureServer/4
Coeur D'Alene Park,Parks,0,Parks,Spokane,"2195 W 2nd Ave, Spokane, WA, 99201, USA",47.65388969252833,-117.44465370021244,https://services7.arcgis.com/YGmp70c76pih9ea2/arcgis/rest/services/City_of_Spokane_Cooling_Resources_Map/FeatureServer/4
Comstock Park,Parks,0,Parks,Spokane,"601 W 29th Ave, Spokane, WA, 99203, USA",47.6266571347001,-117.42260525414099,https://services7.arcgis.com/YGmp70c76pih9ea2/arcgis/rest/services/City_of_Spokane_Cooling_Resources_Map/FeatureServer/4
Courtland Park,Parks,0,Parks,Spokane,"3514 N Stone St, Spokane, WA, 99207, USA",47.68903830992637,-117.37444386803271,https://services7.arcgis.com/YGmp70c76pih9ea2/arcgis/rest/services/City_of_Spokane_Cooling_Resources_Map/FeatureServer/4
Cowley Park,Parks,0,Parks,Spokane,"602 S Division St, Spokane, WA, 99202, USA",47.6500678085161,-117.411855637302,https://services7.arcgis.com/YGmp70c76pih9ea2/arcgis/rest/services/City_of_Spokane_Cooling_Resources_Map/FeatureServer/4
Corbin Park,Parks,0,Parks,Spokane,"2914 N West Oval St, Spokane, Washington, 99205",47.68501033974649,-117.42074113115501,https://services7.arcgis.com/YGmp70c76pih9ea2/arcgis/rest/services/City_of_Spokane_Cooling_Resources_Map/FeatureServer/4
Dutch Jakes Park,Parks,0,Parks,Spokane,"2104 W College Ave, Spokane, WA, 99201, USA",47.664239506233464,-117.44356294655064,https://services7.arcgis.com/YGmp70c76pih9ea2/arcgis/rest/services/City_of_Spokane_Cooling_Resources_Map/FeatureServer/4
Dwight Merkel Sports Complex,Parks,0,Parks,Spokane,"N Assembly St, Spokane, WA, 99205, USA",47.708460109631474,-117.47820591622019,https://services7.arcgis.com/YGmp70c76pih9ea2/arcgis/rest/services/City_of_Spokane_Cooling_Resources_Map/FeatureServer/4
Emerson Park,Parks,0,Parks,Spokane,"3325 N Madison St, Spokane, WA, 99205, USA",47.68854618293882,-117.42892784045819,https://services7.arcgis.com/YGmp70c76pih9ea2/arcgis/rest/services/City_of_Spokane_Cooling_Resources_Map/FeatureServer/4
Fairview Park,Parks,0,Parks,Spokane,"N Dakota St, Spokane, WA, 99207, USA",47.685709055263686,-117.39926109601204,https://services7.arcgis.com/YGmp70c76pih9ea2/arcgis/rest/services/City_of_Spokane_Cooling_Resources_Map/FeatureServer/4
Franklin Park and Sports Complex,Parks,0,Parks,Spokane,"302 W Queen Ave, Spokane, WA, 99205, USA",47.70720601055848,-117.41438507494304,https://services7.arcgis.com/YGmp70c76pih9ea2/arcgis/rest/services/City_of_Spokane_Cooling_Resources_Map/FeatureServer/4
Friendship Park,Parks,0,Parks,Spokane,"631 E Greta Ave, Spokane, WA, 99208, USA",47.72557884188958,-117.4011831194572,https://services7.arcgis.com/YGmp70c76pih9ea2/arcgis/rest/services/City_of_Spokane_Cooling_Resources_Map/FeatureServer/4
Glass Park,Parks,0,Parks,Spokane,"627 E Heroy Ave, Spokane, WA, 99207, USA",47.69898977616705,-117.39857658827462,https://services7.arcgis.com/YGmp70c76pih9ea2/arcgis/rest/services/City_of_Spokane_Cooling_Resources_Map/FeatureServer/4
Redband / Glover Field Park,Parks,0,Parks,Spokane,"216 N Cedar St, Spokane, WA, 99201, USA",47.6597028887756,-117.43223509665401,https://services7.arcgis.com/YGmp70c76pih9ea2/arcgis/rest/services/City_of_Spokane_Cooling_Resources_Map/FeatureServer/4
Grandview Park,Parks,0,Parks,Spokane,"3203 W 17th Ave, Spokane, WA, 99224, USA",47.63896957384429,-117.46018609371201,https://services7.arcgis.com/YGmp70c76pih9ea2/arcgis/rest/services/City_of_Spokane_Cooling_Resources_Map/FeatureServer/4
Grant Park,Parks,0,Parks,Spokane,"1015 S Arthur St, Spokane, WA, 99202, USA",47.646169189230775,-117.39223126253343,https://services7.arcgis.com/YGmp70c76pih9ea2/arcgis/rest/services/City_of_Spokane_Cooling_Resources_Map/FeatureServer/4
Harmon-Shipley Park,Parks,0,Parks,Spokane,"6018 N Regal St, Spokane, WA, 99208, USA",47.71294785729209,-117.36716712702498,https://services7.arcgis.com/YGmp70c76pih9ea2/arcgis/rest/services/City_of_Spokane_Cooling_Resources_Map/FeatureServer/4
Hays Park,Parks,0,Parks,Spokane,"1812 E Providence Ave, Spokane, WA, 99207, USA",47.69171540964843,-117.3832743004772,https://services7.arcgis.com/YGmp70c76pih9ea2/arcgis/rest/services/City_of_Spokane_Cooling_Resources_Map/FeatureServer/4
High Bridge Park,Parks,0,Parks,Spokane,"S A St, Spokane, WA, 99224, USA",47.654028203398305,-117.45571682111002,https://services7.arcgis.com/YGmp70c76pih9ea2/arcgis/rest/services/City_of_Spokane_Cooling_Resources_Map/FeatureServer/4
"Hill, James J. Park",Parks,0,Parks,Spokane,"2579 E Nebraska Ave, Spokane, WA, 99208, US",47.70926935761346,-117.3726837178114,https://services7.arcgis.com/YGmp70c76pih9ea2/arcgis/rest/services/City_of_Spokane_Cooling_Resources_Map/FeatureServer/4
Hill N' Dale Park,Parks,0,Parks,Spokane,"502 E Jay Ave, Spokane, WA, 99218, USA",47.73964604504431,-117.40476380687043,https://services7.arcgis.com/YGmp70c76pih9ea2/arcgis/rest/services/City_of_Spokane_Cooling_Resources_Map/FeatureServer/4
Indian Trail Park,Parks,0,Parks,Spokane,"3990 W Woodside Ave, Spokane, WA, 99208, USA",47.72092262299189,-117.47146681978201,https://services7.arcgis.com/YGmp70c76pih9ea2/arcgis/rest/services/City_of_Spokane_Cooling_Resources_Map/FeatureServer/4
Kehoe Park,Parks,0,Parks,Spokane,"4903 N Nelson St, Spokane, WA, 99217, USA",47.70256799038529,-117.37010056993503,https://services7.arcgis.com/YGmp70c76pih9ea2/arcgis/rest/services/City_of_Spokane_Cooling_Resources_Map/FeatureServer/4
Liberty Park,Parks,0,Parks,Spokane,"1704 E 4th Ave, Spokane, WA, 99202, USA",47.65237835737631,-117.38689839286802,https://services7.arcgis.com/YGmp70c76pih9ea2/arcgis/rest/services/City_of_Spokane_Cooling_Resources_Map/FeatureServer/4
Lincoln Park,Parks,0,Parks,Spokane,"2300 E 17th Ave, Spokane, WA, 99203, USA",47.6399972942304,-117.376904929683,https://services7.arcgis.com/YGmp70c76pih9ea2/arcgis/rest/services/City_of_Spokane_Cooling_Resources_Map/FeatureServer/4
Logan Peace Park,Parks,0,Parks,Spokane,"2535 N Morton St, Spokane, WA, 99207, USA",47.681164857063486,-117.39253185568,https://services7.arcgis.com/YGmp70c76pih9ea2/arcgis/rest/services/City_of_Spokane_Cooling_Resources_Map/FeatureServer/4
Loma Vista Park,Parks,0,Parks,Spokane,"5804 N Alberta St, Spokane, WA, 99205, USA",47.711420800189785,-117.44747162851208,https://services7.arcgis.com/YGmp70c76pih9ea2/arcgis/rest/services/City_of_Spokane_Cooling_Resources_Map/FeatureServer/4
Loren Kondo Park,Parks,0,Parks,Spokane,"4119 E Longfellow Ave, Spokane, WA, 99217, USA",47.698705233651786,-117.34987063216606,https://services7.arcgis.com/YGmp70c76pih9ea2/arcgis/rest/services/City_of_Spokane_Cooling_Resources_Map/FeatureServer/4
Manito Park,Parks,0,Parks,Spokane,"1702 S Grand Blvd, Spokane, WA, 99203, USA",47.637378635314015,-117.41050197355116,https://services7.arcgis.com/YGmp70c76pih9ea2/arcgis/rest/services/City_of_Spokane_Cooling_Resources_Map/FeatureServer/4
Minnehaha Park,Parks,0,Parks,Spokane,"4055 E Euclid Ave, Spokane, WA, 99217, USA",47.687130886405065,-117.34810871723788,https://services7.arcgis.com/YGmp70c76pih9ea2/arcgis/rest/services/City_of_Spokane_Cooling_Resources_Map/FeatureServer/4
Mission Park ,Parks,0,Parks,Spokane,"1208 E Mission Ave, Spokane, WA, 99202, USA",47.6711186981754,-117.39099908541382,https://services7.arcgis.com/YGmp70c76pih9ea2/arcgis/rest/services/City_of_Spokane_Cooling_Resources_Map/FeatureServer/4
Nevada Park,Parks,0,Parks,Spokane,"800 E Joseph Ave, Spokane, WA, 99208, USA",47.71030950626089,-117.39733159602,https://services7.arcgis.com/YGmp70c76pih9ea2/arcgis/rest/services/City_of_Spokane_Cooling_Resources_Map/FeatureServer/4
Pacific Park,Parks,0,Parks,Spokane,"5211 W Lowell Ave, Spokane, WA, 99208, USA",47.73615225673337,-117.48596059108138,https://services7.arcgis.com/YGmp70c76pih9ea2/arcgis/rest/services/City_of_Spokane_Cooling_Resources_Map/FeatureServer/4
Parkwater Park,Parks,0,Parks,Spokane,"5428 E Commerce Ave, Spokane, WA, 99212, USA",47.67612627409759,-117.328948749848,https://services7.arcgis.com/YGmp70c76pih9ea2/arcgis/rest/services/City_of_Spokane_Cooling_Resources_Map/FeatureServer/4
Peaceful Valley Park,Parks,0,Parks,Spokane,"1602 W Water Ave, Spokane, WA, 99201, USA",47.6599821631824,-117.43579847103,https://services7.arcgis.com/YGmp70c76pih9ea2/arcgis/rest/services/City_of_Spokane_Cooling_Resources_Map/FeatureServer/4
Polly Judd Park,Parks,0,Parks,Spokane,"1802 W 14th Ave, Spokane, WA, 99204, USA",47.64312599833056,-117.43966224585986,https://services7.arcgis.com/YGmp70c76pih9ea2/arcgis/rest/services/City_of_Spokane_Cooling_Resources_Map/FeatureServer/4
Rochester Park,Parks,0,Parks,Spokane,"1801 E Everett Ave, Spokane, WA, 99207, USA",47.707321356249636,-117.38167363066252,https://services7.arcgis.com/YGmp70c76pih9ea2/arcgis/rest/services/City_of_Spokane_Cooling_Resources_Map/FeatureServer/4
Shadle Park,Parks,0,Parks,Spokane,"2050 W Longfellow Ave, Spokane, WA, 99205, USA",47.69926707240564,-117.44032983720669,https://services7.arcgis.com/YGmp70c76pih9ea2/arcgis/rest/services/City_of_Spokane_Cooling_Resources_Map/FeatureServer/4
Sky Prairie Park,Parks,0,Parks,Spokane,"8501 N Nettleton Ct, Spokane, WA, 99208, USA",47.73517989107859,-117.44696785730086,https://services7.arcgis.com/YGmp70c76pih9ea2/arcgis/rest/services/City_of_Spokane_Cooling_Resources_Map/FeatureServer/4
South Side Sports Complex,Parks,0,Parks,Spokane,"2700 E 46th Ave, Spokane, WA, 99223, USA",47.61097482513128,-117.370993717281,https://services7.arcgis.com/YGmp70c76pih9ea2/arcgis/rest/services/City_of_Spokane_Cooling_Resources_Map/FeatureServer/4
Stone Park,Parks,0,Parks,Spokane,"2304 E Desmet Ave, Spokane, Washington, 99202",47.66741333888837,-117.37563301208044,https://services7.arcgis.com/YGmp70c76pih9ea2/arcgis/rest/services/City_of_Spokane_Cooling_Resources_Map/FeatureServer/4
Thornton Murphy Park,Parks,0,Parks,Spokane,"3105 E 27th Ave, Spokane, WA, 99223, USA",47.6307040484595,-117.365057150538,https://services7.arcgis.com/YGmp70c76pih9ea2/arcgis/rest/services/City_of_Spokane_Cooling_Resources_Map/FeatureServer/4
Underhill Park,Parks,0,Parks,Spokane,"2910 E Hartson Ave, Spokane, WA, 99202, USA",47.6490324638175,-117.367087247487,https://services7.arcgis.com/YGmp70c76pih9ea2/arcgis/rest/services/City_of_Spokane_Cooling_Resources_Map/FeatureServer/4
Webster Park,Parks,0,Parks,Spokane,"3721 W Lacrosse Ave, Spokane, WA, 99205, USA",47.6952014932271,-117.466204127607,https://services7.arcgis.com/YGmp70c76pih9ea2/arcgis/rest/services/City_of_Spokane_Cooling_Resources_Map/FeatureServer/4
Wentel Grant Park,Parks,0,Parks,Spokane,"1708 S Inland Empire Way, Spokane, WA, 99224, USA",47.638767900073304,-117.44091606732191,https://services7.arcgis.com/YGmp70c76pih9ea2/arcgis/rest/services/City_of_Spokane_Cooling_Resources_Map/FeatureServer/4
Westgate Park,Parks,0,Parks,Spokane,"5402 W Conestoga Ave, Spokane, WA, 99208, USA",47.720466406727624,-117.49068492816365,https://services7.arcgis.com/YGmp70c76pih9ea2/arcgis/rest/services/City_of_Spokane_Cooling_Resources_Map/FeatureServer/4
Whittier Park,Parks,0,Parks,Spokane,"3400 W 7th Ave, Spokane, WA, 99224, USA",47.64953959775087,-117.46241827662135,https://services7.arcgis.com/YGmp70c76pih9ea2/arcgis/rest/services/City_of_Spokane_Cooling_Resources_Map/FeatureServer/4
Wildhorse Park,Parks,0,Parks,Spokane,"3717 N Ralph St, Spokane, WA, 99217, USA",47.69274594226481,-117.361802880967,https://services7.arcgis.com/YGmp70c76pih9ea2/arcgis/rest/services/City_of_Spokane_Cooling_Resources_Map/FeatureServer/4
Edwidge Woldson Park,Parks,0,Parks,Spokane,"W 7th Ave, Spokane, WA, 99204, USA",47.64882446331627,-117.42013574869677,https://services7.arcgis.com/YGmp70c76pih9ea2/arcgis/rest/services/City_of_Spokane_Cooling_Resources_Map/FeatureServer/4
Riverfront Park,Parks,0,Parks,Spokane,507 N Howard St,47.662153884866925,-117.41987557816738,https://services7.arcgis.com/YGmp70c76pih9ea2/arcgis/rest/services/City_of_Spokane_Cooling_Resources_Map/FeatureServer/4
Cliff Park,Parks,0,Parks,Spokane,426 W 12th Ave,47.64413908905059,-117.41875353552595,https://services7.arcgis.com/YGmp70c76pih9ea2/arcgis/rest/services/City_of_Spokane_Cooling_Resources_Map/FeatureServer/4
Downriver Park River Access Point ,Parks,0,Parks,Spokane, 4440 N Riverside State Park Dr,47.68252433596985,-117.45540742332572,https://services7.arcgis.com/YGmp70c76pih9ea2/arcgis/rest/services/City_of_Spokane_Cooling_Resources_Map/FeatureServer/4
Hamblen Park ,Parks,0,Parks,Spokane,2103 E 37th Ave,47.62008815713952,-117.38074457153442,https://services7.arcgis.com/YGmp70c76pih9ea2/arcgis/rest/services/City_of_Spokane_Cooling_Resources_Map/FeatureServer/4
Finch Arboretum ,Parks,0,Parks,Spokane,"3404 W Woodland Blvd, Spokane, WA 99224",47.64256819727108,-117.46417786827224,https://services7.arcgis.com/YGmp70c76pih9ea2/arcgis/rest/services/City_of_Spokane_Cooling_Resources_Map/FeatureServer/4
Hillyard Park,Parks,0,Parks,Spokane,"5718 N Haven St, Spokane, WA 99208, United States",47.70966084866845,-117.36572878701922,https://services7.arcgis.com/YGmp70c76pih9ea2/arcgis/rest/services/City_of_Spokane_Cooling_Resources_Map/FeatureServer/4
Little Lower Spokane Natural Area ,Parks,0,Parks,Spokane,,47.7720228632571,-117.47952804626937,https://services7.arcgis.com/YGmp70c76pih9ea2/arcgis/rest/services/City_of_Spokane_Cooling_Resources_Map/FeatureServer/4
A.M. Cannon Aquatic Center,Public Pools,0,Public Pools,Spokane,"1900 W Mission Ave, Spokane, Washington, 99201",47.67145863657947,-117.44049788762119,https://services7.arcgis.com/YGmp70c76pih9ea2/arcgis/rest/services/City_of_Spokane_Cooling_Resources_Map/FeatureServer/3
Comstock Aquatic Center,Public Pools,0,Public Pools,Spokane,"600 W 29th Ave, Spokane, WA, 99203, USA",47.6274746096822,-117.4209647844163,https://services7.arcgis.com/YGmp70c76pih9ea2/arcgis/rest/services/City_of_Spokane_Cooling_Resources_Map/FeatureServer/3
Hillyard Aquatic Center,Public Pools,0,Public Pools,Spokane,"3000 E Columbia Ave, Spokane, Washington, 99208",47.71020002599065,-117.36570362621066,https://services7.arcgis.com/YGmp70c76pih9ea2/arcgis/rest/services/City_of_Spokane_Cooling_Resources_Map/FeatureServer/3
Liberty Aquatic Center,Public Pools,0,Public Pools,Spokane,"1300 E 5th Ave, Spokane, WA, 99202, USA",47.6513600631531,-117.385213577578,https://services7.arcgis.com/YGmp70c76pih9ea2/arcgis/rest/services/City_of_Spokane_Cooling_Resources_Map/FeatureServer/3
Shadle Aquatic Center,Public Pools,0,Public Pools,Spokane,"2005 W Wellesley Ave, Spokane, WA, 99205, USA",47.7000978062702,-117.44120759748387,https://services7.arcgis.com/YGmp70c76pih9ea2/arcgis/rest/services/City_of_Spokane_Cooling_Resources_Map/FeatureServer/3
Witter Aquatic Center,Public Pools,0,Public Pools,Spokane,"1300 E Mission Ave, Spokane, WA, 99202, USA",47.671101924651815,-117.3891222909778,https://services7.arcgis.com/YGmp70c76pih9ea2/arcgis/rest/services/City_of_Spokane_Cooling_Resources_Map/FeatureServer/3
Audubon Park,Drinking Fountains,0,Park,Spokane,"3405 N Milton St, Spokane, Washington, 99205",47.68966569266494,-117.45350563742413,https://services7.arcgis.com/YGmp70c76pih9ea2/arcgis/rest/services/City_of_Spokane_Cooling_Resources_Map/FeatureServer/2
Ben Burr Park,Drinking Fountains,0,Park,Spokane,"4401 S Havana St, Spokane, Washington, 99223",47.61408068664629,-117.34628551157,https://services7.arcgis.com/YGmp70c76pih9ea2/arcgis/rest/services/City_of_Spokane_Cooling_Resources_Map/FeatureServer/2
Chief Garry Park,Drinking Fountains,0,Park,Spokane,"2515 E Sinto Ave, Spokane, Washington, 99202",47.67105469123919,-117.372269094343,https://services7.arcgis.com/YGmp70c76pih9ea2/arcgis/rest/services/City_of_Spokane_Cooling_Resources_Map/FeatureServer/2
B.A. Clark Park,Drinking Fountains,0,Park,Spokane,"3922 N Normandie St, Spokane, WA, 99207, USA",47.69488717521333,-117.41218523690783,https://services7.arcgis.com/YGmp70c76pih9ea2/arcgis/rest/services/City_of_Spokane_Cooling_Resources_Map/FeatureServer/2
Comstock Park,Drinking Fountains,0,Park,Spokane,"601 W 29th Ave, Spokane, WA, 99203, USA",47.625703304947464,-117.42281681792909,https://services7.arcgis.com/YGmp70c76pih9ea2/arcgis/rest/services/City_of_Spokane_Cooling_Resources_Map/FeatureServer/2
Corbin Park,Drinking Fountains,0,Park,Spokane,"2914 N West Oval St, Spokane, Washington, 99205",47.68489975861364,-117.41973615258098,https://services7.arcgis.com/YGmp70c76pih9ea2/arcgis/rest/services/City_of_Spokane_Cooling_Resources_Map/FeatureServer/2
Cowley Park,Drinking Fountains,0,Park,Spokane,"602 S Division St, Spokane, WA, 99202, USA",47.64975434395839,-117.411589510512,https://services7.arcgis.com/YGmp70c76pih9ea2/arcgis/rest/services/City_of_Spokane_Cooling_Resources_Map/FeatureServer/2
Dutch Jakes Park,Drinking Fountains,0,Park,Spokane,"2104 W College Ave, Spokane, WA, 99201, USA",47.6638240171084,-117.44357692355702,https://services7.arcgis.com/YGmp70c76pih9ea2/arcgis/rest/services/City_of_Spokane_Cooling_Resources_Map/FeatureServer/2
Edwidge Woldson Park,Drinking Fountains,0,Park,Spokane,"W 7th Ave, Spokane, WA, 99204, USA",47.648389191893926,-117.42031992797101,https://services7.arcgis.com/YGmp70c76pih9ea2/arcgis/rest/services/City_of_Spokane_Cooling_Resources_Map/FeatureServer/2
Emerson Park,Drinking Fountains,0,Park,Spokane,"3325 N Madison St, Spokane, WA, 99205, USA",47.688282571425134,-117.42924702444272,https://services7.arcgis.com/YGmp70c76pih9ea2/arcgis/rest/services/City_of_Spokane_Cooling_Resources_Map/FeatureServer/2
Franklin Park,Drinking Fountains,0,Park,Spokane,"302 W Queen Ave, Spokane, WA, 99205, USA",47.705099082729504,-117.41289048082399,https://services7.arcgis.com/YGmp70c76pih9ea2/arcgis/rest/services/City_of_Spokane_Cooling_Resources_Map/FeatureServer/2
Friendship Park,Drinking Fountains,0,Park,Spokane,"631 E Greta Ave, Spokane, WA, 99208, USA",47.72650499372532,-117.39984190555919,https://services7.arcgis.com/YGmp70c76pih9ea2/arcgis/rest/services/City_of_Spokane_Cooling_Resources_Map/FeatureServer/2
Glass Park,Drinking Fountains,0,Park,Spokane,"627 E Heroy Ave, Spokane, WA, 99207, USA",47.69894189742174,-117.39980878329365,https://services7.arcgis.com/YGmp70c76pih9ea2/arcgis/rest/services/City_of_Spokane_Cooling_Resources_Map/FeatureServer/2
Grant Park,Drinking Fountains,0,Park,Spokane,"1015 S Arthur St, Spokane, WA, 99202, USA",47.645986788295794,-117.393756743259,https://services7.arcgis.com/YGmp70c76pih9ea2/arcgis/rest/services/City_of_Spokane_Cooling_Resources_Map/FeatureServer/2
Hill N' Dale Rotary Park - Out of Order ,Drinking Fountains,0,Park,Spokane,"502 E Jay Ave, Spokane, WA, 99218, USA",47.739906859386394,-117.405518773155,https://services7.arcgis.com/YGmp70c76pih9ea2/arcgis/rest/services/City_of_Spokane_Cooling_Resources_Map/FeatureServer/2
Indian Trail Park,Drinking Fountains,0,Park,Spokane,"3990 W Woodside Ave, Spokane, WA, 99208, USA",47.721056151060594,-117.470541457672,https://services7.arcgis.com/YGmp70c76pih9ea2/arcgis/rest/services/City_of_Spokane_Cooling_Resources_Map/FeatureServer/2
Kehoe Park - Out of Order ,Drinking Fountains,0,Park,Spokane,"4903 N Nelson St, Spokane, WA, 99217, USA",47.70298962678409,-117.37002253505702,https://services7.arcgis.com/YGmp70c76pih9ea2/arcgis/rest/services/City_of_Spokane_Cooling_Resources_Map/FeatureServer/2
Liberty Park,Drinking Fountains,0,Park,Spokane,"1704 E 4th Ave, Spokane, WA, 99202, USA",47.6522663351299,-117.386367315483,https://services7.arcgis.com/YGmp70c76pih9ea2/arcgis/rest/services/City_of_Spokane_Cooling_Resources_Map/FeatureServer/2
Lincoln Park,Drinking Fountains,0,Park,Spokane,"2300 E 17th Ave, Spokane, WA, 99203, USA",47.639764574594395,-117.37618338161498,https://services7.arcgis.com/YGmp70c76pih9ea2/arcgis/rest/services/City_of_Spokane_Cooling_Resources_Map/FeatureServer/2
Manito Park,Drinking Fountains,0,Park,Spokane,"1702 S Grand Blvd, Spokane, WA, 99203, USA",47.638215943210675,-117.40990099145388,https://services7.arcgis.com/YGmp70c76pih9ea2/arcgis/rest/services/City_of_Spokane_Cooling_Resources_Map/FeatureServer/2
Pacific Park,Drinking Fountains,0,Park,Spokane,"5211 W Lowell Ave, Spokane, WA, 99208, USA",47.736877784608694,-117.485782682209,https://services7.arcgis.com/YGmp70c76pih9ea2/arcgis/rest/services/City_of_Spokane_Cooling_Resources_Map/FeatureServer/2
Peaceful Valley Park,Drinking Fountains,0,Park,Spokane,"1602 W Water Ave, Spokane, WA, 99201, USA",47.6600062104656,-117.43550772715199,https://services7.arcgis.com/YGmp70c76pih9ea2/arcgis/rest/services/City_of_Spokane_Cooling_Resources_Map/FeatureServer/2
Polly Judd Park,Drinking Fountains,0,Park,Spokane,"1802 W 14th Ave, Spokane, WA, 99204, USA",47.64297891510978,-117.43941407984093,https://services7.arcgis.com/YGmp70c76pih9ea2/arcgis/rest/services/City_of_Spokane_Cooling_Resources_Map/FeatureServer/2
Riverfront Park,Drinking Fountains,0,Park,Spokane,"507 N Howard St, Spokane, WA, 99201, USA",47.66233936809041,-117.42135961723699,https://services7.arcgis.com/YGmp70c76pih9ea2/arcgis/rest/services/City_of_Spokane_Cooling_Resources_Map/FeatureServer/2
Shadle Park,Drinking Fountains,0,Park,Spokane,"2050 W Longfellow Ave, Spokane, WA, 99205, USA",47.69925924957942,-117.44123702001302,https://services7.arcgis.com/YGmp70c76pih9ea2/arcgis/rest/services/City_of_Spokane_Cooling_Resources_Map/FeatureServer/2
Sky Prairie Park,Drinking Fountains,0,Park,Spokane,"8501 N Nettleton Ct, Spokane, WA, 99208, USA",47.735659148650996,-117.444953815438,https://services7.arcgis.com/YGmp70c76pih9ea2/arcgis/rest/services/City_of_Spokane_Cooling_Resources_Map/FeatureServer/2
Stone Park,Drinking Fountains,0,Park,Spokane,"2304 E Desmet Ave, Spokane, Washington, 99202",47.667181170943536,-117.37563184243301,https://services7.arcgis.com/YGmp70c76pih9ea2/arcgis/rest/services/City_of_Spokane_Cooling_Resources_Map/FeatureServer/2
Thornton Murphy Park,Drinking Fountains,0,Park,Spokane,"3105 E 27th Ave, Spokane, WA, 99223, USA",47.6309677244272,-117.36578702579499,https://services7.arcgis.com/YGmp70c76pih9ea2/arcgis/rest/services/City_of_Spokane_Cooling_Resources_Map/FeatureServer/2
Underhill Park,Drinking Fountains,0,Park,Spokane,"2910 E Hartson Ave, Spokane, WA, 99202, USA",47.6497618210559,-117.36728230259364,https://services7.arcgis.com/YGmp70c76pih9ea2/arcgis/rest/services/City_of_Spokane_Cooling_Resources_Map/FeatureServer/2
Webster Park,Drinking Fountains,0,Park,Spokane,"3721 W Lacrosse Ave, Spokane, WA, 99205, USA",47.69503852122371,-117.46652550926198,https://services7.arcgis.com/YGmp70c76pih9ea2/arcgis/rest/services/City_of_Spokane_Cooling_Resources_Map/FeatureServer/2
Wentel Grant Park,Drinking Fountains,0,Park,Spokane,"1708 S Inland Empire Way, Spokane, WA, 99224, USA",47.639267312514264,-117.44083207191939,https://services7.arcgis.com/YGmp70c76pih9ea2/arcgis/rest/services/City_of_Spokane_Cooling_Resources_Map/FeatureServer/2
Dwight Merkel Sports Complex,Drinking Fountains,0,Sports Complex,Spokane,"N Assembly St, Spokane, WA, 99205, USA",47.711296680077105,-117.477140774753,https://services7.arcgis.com/YGmp70c76pih9ea2/arcgis/rest/services/City_of_Spokane_Cooling_Resources_Map/FeatureServer/2
Southeast Sports Complex,Drinking Fountains,0,Sports Complex,Spokane,"2700 E 46th Ave, Spokane, WA, 99223, USA",47.61028781932679,-117.370024164696,https://services7.arcgis.com/YGmp70c76pih9ea2/arcgis/rest/services/City_of_Spokane_Cooling_Resources_Map/FeatureServer/2
Esmeralda Golf Course,Drinking Fountains,0,Golf Course,Spokane,"3933 E Courtland Ave, Spokane, WA, 99217, USA",47.689764398436665,-117.3515236498196,https://services7.arcgis.com/YGmp70c76pih9ea2/arcgis/rest/services/City_of_Spokane_Cooling_Resources_Map/FeatureServer/2
Indian Canyon Golf Course,Drinking Fountains,0,Golf Course,Spokane,"1000 S Assembly Rd, Spokane, WA, 99224, USA",47.646759459443196,-117.47361866004898,https://services7.arcgis.com/YGmp70c76pih9ea2/arcgis/rest/services/City_of_Spokane_Cooling_Resources_Map/FeatureServer/2
The Creek at Qualchan Golf Course,Drinking Fountains,0,Golf Course,Spokane,"301 E Meadowlane Rd, Spokane, WA, 99224, USA",47.609401607853094,-117.411598687172,https://services7.arcgis.com/YGmp70c76pih9ea2/arcgis/rest/services/City_of_Spokane_Cooling_Resources_Map/FeatureServer/2
Witter Aquatic Center,Drinking Fountains,0,Aquatic Center,Spokane,"1300 E Mission Ave, Spokane, WA, 99202, USA",47.670808520664096,-117.38927900859801,https://services7.arcgis.com/YGmp70c76pih9ea2/arcgis/rest/services/City_of_Spokane_Cooling_Resources_Map/FeatureServer/2
Hillyard Aquatic Center,Drinking Fountains,0,Aquatic Center,Spokane,"3000 E Columbia Ave, Spokane, Washington, 99208",47.7100869244017,-117.366090758103,https://services7.arcgis.com/YGmp70c76pih9ea2/arcgis/rest/services/City_of_Spokane_Cooling_Resources_Map/FeatureServer/2
A.M. Cannon Aquatic Center,Drinking Fountains,0,Aquatic Center,Spokane,"1900 W Mission Ave, Spokane, Washington, 99201",47.671123094004784,-117.440430533533,https://services7.arcgis.com/YGmp70c76pih9ea2/arcgis/rest/services/City_of_Spokane_Cooling_Resources_Map/FeatureServer/2
Comstock Aquatic Center,Drinking Fountains,0,Aquatic Center,Spokane,"600 W 29th Ave, Spokane, WA, 99203, USA",47.62789050161107,-117.42094120705234,https://services7.arcgis.com/YGmp70c76pih9ea2/arcgis/rest/services/City_of_Spokane_Cooling_Resources_Map/FeatureServer/2
Liberty Aquatic Center,Drinking Fountains,0,Aquatic Center,Spokane,"1300 E 5th Ave, Spokane, WA, 99202, USA",47.6513302493961,-117.3848850064,https://services7.arcgis.com/YGmp70c76pih9ea2/arcgis/rest/services/City_of_Spokane_Cooling_Resources_Map/FeatureServer/2
Finch Arboretum,Drinking Fountains,0,Aboreta,Spokane,"3404 W Woodland Blvd, Spokane, Washington, 99224",47.64349608646679,-117.46267393857599,https://services7.arcgis.com/YGmp70c76pih9ea2/arcgis/rest/services/City_of_Spokane_Cooling_Resources_Map/FeatureServer/2
Perrins Field ,Drinking Fountains,0,Park,Spokane,"14 Arnim Ave, Deer Park, Wa 99006",47.95490695099239,-117.47378154299861,https://services7.arcgis.com/YGmp70c76pih9ea2/arcgis/rest/services/City_of_Spokane_Cooling_Resources_Map/FeatureServer/2
James Swinyard Park ,Drinking Fountains,0,Park,Spokane," 200 E B St, Deer Park, WA, 99006, USA",47.952124182516066,-117.47341557011605,https://services7.arcgis.com/YGmp70c76pih9ea2/arcgis/rest/services/City_of_Spokane_Cooling_Resources_Map/FeatureServer/2
Dwight Merkel Sports Complex,Drinking Fountains,0,"5225 N. Assembly Street, Spokane, Wa, 99205",Spokane,,47.70758592483841,-117.47871321045162,https://services7.arcgis.com/YGmp70c76pih9ea2/arcgis/rest/services/City_of_Spokane_Cooling_Resources_Map/FeatureServer/2
Edwidge Woldson Park,Drinking Fountains,0,Park ,Spokane,,47.648180800488326,-117.41960106547097,https://services7.arcgis.com/YGmp70c76pih9ea2/arcgis/rest/services/City_of_Spokane_Cooling_Resources_Map/FeatureServer/2
Southside Sports Complex ,Drinking Fountains,0,Sports Complex ,Spokane,,47.61089243233324,-117.37274164549177,https://services7.arcgis.com/YGmp70c76pih9ea2/arcgis/rest/services/City_of_Spokane_Cooling_Resources_Map/FeatureServer/2
Whittier Park ,Drinking Fountains,0,Park,Spokane,,47.65000010536557,-117.4633650763476,https://services7.arcgis.com/YGmp70c76pih9ea2/arcgis/rest/services/City_of_Spokane_Cooling_Resources_Map/FeatureServer/2
Coeur d'Alene Park,Drinking Fountains,0,Park ,Spokane,"2195 W 2nd Ave, Spokane, WA, 99201, USA",47.65298838028433,-117.44419123980497,https://services7.arcgis.com/YGmp70c76pih9ea2/arcgis/rest/services/City_of_Spokane_Cooling_Resources_Map/FeatureServer/2
Harmon Park,Drinking Fountains,0,Park,Spokane,"6018 N Regal St, Spokane, WA, 99208, USA",47.71283403629085,-117.36657100163217,https://services7.arcgis.com/YGmp70c76pih9ea2/arcgis/rest/services/City_of_Spokane_Cooling_Resources_Map/FeatureServer/2
Thiel Park ,Drinking Fountains,0,Park,Spokane,,47.38601387714242,-117.17377016976545,https://services7.arcgis.com/YGmp70c76pih9ea2/arcgis/rest/services/City_of_Spokane_Cooling_Resources_Map/FeatureServer/2
Town Square Park ,Drinking Fountains,0,Drinking Fountains,Spokane,"1421 N Meadowwood Ln, Liberty Lake, WA 99019",47.67146043065834,-117.10199687562016,https://services7.arcgis.com/YGmp70c76pih9ea2/arcgis/rest/services/City_of_Spokane_Cooling_Resources_Map/FeatureServer/2
Rocky Hill Park ,Drinking Fountains,0,Park,Spokane,"24901 E Mission Ave, Liberty Lake, WA",47.67158758426118,-117.06950352299188,https://services7.arcgis.com/YGmp70c76pih9ea2/arcgis/rest/services/City_of_Spokane_Cooling_Resources_Map/FeatureServer/2
Orchard Park ,Drinking Fountains,0,Park ,Spokane,"20298 E Indiana Ave, Liberty Lake, Wa 99019",47.674899227235194,-117.13143895093962,https://services7.arcgis.com/YGmp70c76pih9ea2/arcgis/rest/services/City_of_Spokane_Cooling_Resources_Map/FeatureServer/2
Waterfront Park ,Drinking Fountains,0,Park ,Spokane,"1300 S Lefevre St, Medical Lake, WA 99022",47.562679853300224,-117.69500521771874,https://services7.arcgis.com/YGmp70c76pih9ea2/arcgis/rest/services/City_of_Spokane_Cooling_Resources_Map/FeatureServer/2
Sunset Park ,Drinking Fountains,0,Park,Spokane,"913 S Lawson St, Airway Heights, Wa 99001",47.64660104304581,-117.58843205859034,https://services7.arcgis.com/YGmp70c76pih9ea2/arcgis/rest/services/City_of_Spokane_Cooling_Resources_Map/FeatureServer/2
Sullivan Park ,Drinking Fountains,0,Park ,Spokane,"1901 N Sullivan Road Spokane Valley, WA 99216",47.67529437127803,-117.19731112289665,https://services7.arcgis.com/YGmp70c76pih9ea2/arcgis/rest/services/City_of_Spokane_Cooling_Resources_Map/FeatureServer/2
Hillyard Library ,Drinking Fountains,0,Drinking Fountains,Spokane,,47.69473129500269,-117.37437082806822,https://services7.arcgis.com/YGmp70c76pih9ea2/arcgis/rest/services/City_of_Spokane_Cooling_Resources_Map/FeatureServer/2
Audubon Park,Splash Pads,0,Splash Pads,Spokane,"3405 N Milton St, Spokane, WA 99205",47.6899223717864,-117.45355040658602,https://services7.arcgis.com/YGmp70c76pih9ea2/arcgis/rest/services/City_of_Spokane_Cooling_Resources_Map/FeatureServer/1
Carson Park,Splash Pads,0,Splash Pads,Spokane,"5225 N Assembly St, Spokane, WA 99205",47.707563727368,-117.47798691568899,https://services7.arcgis.com/YGmp70c76pih9ea2/arcgis/rest/services/City_of_Spokane_Cooling_Resources_Map/FeatureServer/1
Chief Garry Park,Splash Pads,0,Splash Pads,Spokane,"2515 E Sinto Ave Spokane, WA 99202",47.67127329532259,-117.37292975595899,https://services7.arcgis.com/YGmp70c76pih9ea2/arcgis/rest/services/City_of_Spokane_Cooling_Resources_Map/FeatureServer/1
Coeur d'Alene Park,Splash Pads,0,Splash Pads,Spokane,"2195 W 2nd Ave, Spokane, WA 99201",47.652956796145695,-117.44495276699301,https://services7.arcgis.com/YGmp70c76pih9ea2/arcgis/rest/services/City_of_Spokane_Cooling_Resources_Map/FeatureServer/1
Friendship Park,Splash Pads,0,Splash Pads,Spokane,"631 E Greta Ave, Spokane, WA 99208",47.726264061195096,-117.39922063431926,https://services7.arcgis.com/YGmp70c76pih9ea2/arcgis/rest/services/City_of_Spokane_Cooling_Resources_Map/FeatureServer/1
Glass Park,Splash Pads,0,Splash Pads,Spokane,"627 E Heroy Ave, Spokane, WA 99207",47.6986102823833,-117.39907309286468,https://services7.arcgis.com/YGmp70c76pih9ea2/arcgis/rest/services/City_of_Spokane_Cooling_Resources_Map/FeatureServer/1
Grandview Park,Splash Pads,0,Splash Pads,Spokane,"3203 W 17th Ave, Spokane, WA 99224",47.63913949465369,-117.460537566584,https://services7.arcgis.com/YGmp70c76pih9ea2/arcgis/rest/services/City_of_Spokane_Cooling_Resources_Map/FeatureServer/1
Manito Park,Splash Pads,0,Splash Pads,Spokane,"Manito Park, 2406 S Tekoa St, Spokane, WA 99203",47.6328371374874,-117.410190684031,https://services7.arcgis.com/YGmp70c76pih9ea2/arcgis/rest/services/City_of_Spokane_Cooling_Resources_Map/FeatureServer/1
Mission Park,Splash Pads,0,Splash Pads,Spokane,"1208 E Mission AveSpokane, WA 99202",47.67035789777749,-117.392408321833,https://services7.arcgis.com/YGmp70c76pih9ea2/arcgis/rest/services/City_of_Spokane_Cooling_Resources_Map/FeatureServer/1
Pacific Park,Splash Pads,0,Splash Pads,Spokane,"5211 W Lowell Ave, Spokane, WA 99208",47.73666757064059,-117.48530762152998,https://services7.arcgis.com/YGmp70c76pih9ea2/arcgis/rest/services/City_of_Spokane_Cooling_Resources_Map/FeatureServer/1
Rotary Fountain,Splash Pads,0,Splash Pads,Spokane,"507 N Howard St, Spokane, WA 99201",47.660574125935796,-117.42111475252202,https://services7.arcgis.com/YGmp70c76pih9ea2/arcgis/rest/services/City_of_Spokane_Cooling_Resources_Map/FeatureServer/1
Ice Age Floods Playground,Splash Pads,0,Splash Pads,Spokane,"832 N Howard St, Spokane, WA 99201",47.66513961710089,-117.42043749523698,https://services7.arcgis.com/YGmp70c76pih9ea2/arcgis/rest/services/City_of_Spokane_Cooling_Resources_Map/FeatureServer/1
Shadle Park,Splash Pads,0,Splash Pads,Spokane,"2005 W Wellesley Ave, Spokane, WA 99207",47.699388821912805,-117.440862702381,https://services7.arcgis.com/YGmp70c76pih9ea2/arcgis/rest/services/City_of_Spokane_Cooling_Resources_Map/FeatureServer/1
Sharpley-Harmon Park - Not Working ,Splash Pads,0,Splash Pads,Spokane,"2900–2998 E Bismark Ave, Spokane, WA 99208, United States",47.712457615427695,-117.36615030098001,https://services7.arcgis.com/YGmp70c76pih9ea2/arcgis/rest/services/City_of_Spokane_Cooling_Resources_Map/FeatureServer/1
Thornton Murphy Park,Splash Pads,0,Splash Pads,Spokane,"3101 E 27th Ave, Spokane",47.63082854295819,-117.36488923065099,https://services7.arcgis.com/YGmp70c76pih9ea2/arcgis/rest/services/City_of_Spokane_Cooling_Resources_Map/FeatureServer/1
Underhill Park,Splash Pads,0,Splash Pads,Spokane,"2910 E Hartson Ave, Spokane, WA 99202, United States",47.64973090299854,-117.36792364809752,https://services7.arcgis.com/YGmp70c76pih9ea2/arcgis/rest/services/City_of_Spokane_Cooling_Resources_Map/FeatureServer/1
Grant Park,Splash Pads,0,Splash Pads,Spokane,"1015 S Arthur St, Spokane, WA 99202, United States",47.645871661862664,-117.39323512548368,https://services7.arcgis.com/YGmp70c76pih9ea2/arcgis/rest/services/City_of_Spokane_Cooling_Resources_Map/FeatureServer/1
Nevada Park - Splashpad out of order ,Splash Pads,0,Splash Pads,Spokane,"903 E Joseph Ave, Spokane, WA 99208, United States",47.710067195947396,-117.39696072573399,https://services7.arcgis.com/YGmp70c76pih9ea2/arcgis/rest/services/City_of_Spokane_Cooling_Resources_Map/FeatureServer/1
Dr. Martin Luther King Jr. Community Center,Cooling Centers and Spaces,1,Community Center,Spokane,"500 S Stone St, Spokane, WA 99202",47.6512475780604,-117.37759737186701,https://services7.arcgis.com/YGmp70c76pih9ea2/arcgis/rest/services/City_of_Spokane_Cooling_Resources_Map/FeatureServer/0
Northeast Community Center and Hillyard Senior Center,Cooling Centers and Spaces,1,Community Center ; Senior Center,Spokane,"4001 N Cook St, Spokane, WA 99207",47.694182824817,-117.374355754633,https://services7.arcgis.com/YGmp70c76pih9ea2/arcgis/rest/services/City_of_Spokane_Cooling_Resources_Map/FeatureServer/0
West Central Community Center,Cooling Centers and Spaces,1,Community Center,Spokane,"1603 N Belt St, Spokane, WA 99205",47.6727972451002,-117.443291124738,https://services7.arcgis.com/YGmp70c76pih9ea2/arcgis/rest/services/City_of_Spokane_Cooling_Resources_Map/FeatureServer/0
Southside Senior and Community Center,Cooling Centers and Spaces,1,Southside Senior and Community Center	Community Center ; Senior Center,Spokane,"3151 E 27th Ave, Spokane, WA 99223",47.631525280056394,-117.363825988769,https://services7.arcgis.com/YGmp70c76pih9ea2/arcgis/rest/services/City_of_Spokane_Cooling_Resources_Map/FeatureServer/0
Southwest Spokane Community Center,Cooling Centers and Spaces,1,Community Center,Spokane,"310 S Spruce St, Spokane, WA 99201",47.653057780512896,-117.446700575667,https://services7.arcgis.com/YGmp70c76pih9ea2/arcgis/rest/services/City_of_Spokane_Cooling_Resources_Map/FeatureServer/0
American Indian Community Center,Cooling Centers and Spaces,1,Community Center,Spokane,"1025 W Indiana Ave, Spokane, WA 99205",47.67475252224099,-117.427709565512,https://services7.arcgis.com/YGmp70c76pih9ea2/arcgis/rest/services/City_of_Spokane_Cooling_Resources_Map/FeatureServer/0
Sinto Senior Center,Cooling Centers and Spaces,1,Senior Center,Spokane,"1124 W Sinto Ave, Spokane, WA 99201",47.670403205348194,-117.429272894591,https://services7.arcgis.com/YGmp70c76pih9ea2/arcgis/rest/services/City_of_Spokane_Cooling_Resources_Map/FeatureServer/0
Corbin Senior Activity Center,Cooling Centers and Spaces,1,Senior Center,Spokane,"827 W Cleveland Ave, Spokane, WA 99205",47.68368581014009,-117.424814644111,https://services7.arcgis.com/YGmp70c76pih9ea2/arcgis/rest/services/City_of_Spokane_Cooling_Resources_Map/FeatureServer/0
River Park Square Shopping Mall,Cooling Centers and Spaces,1,Shopping Mall,Spokane,"808 W Main Ave, Spokane, WA 99201",47.65934369022029,-117.42357806193502,https://services7.arcgis.com/YGmp70c76pih9ea2/arcgis/rest/services/City_of_Spokane_Cooling_Resources_Map/FeatureServer/0
Northtown Shopping Mall,Cooling Centers and Spaces,1,Shopping Mall,Spokane,"4750 N Division St, Spokane, WA 99207",47.70265404129756,-117.40884161848885,https://services7.arcgis.com/YGmp70c76pih9ea2/arcgis/rest/services/City_of_Spokane_Cooling_Resources_Map/FeatureServer/0
Spokane Public Library Hillyard,Cooling Centers and Spaces,1,Public Library,Spokane,"4110 N Cook St, Spokane, WA 99207",47.6946696350237,-117.37404160090199,https://services7.arcgis.com/YGmp70c76pih9ea2/arcgis/rest/services/City_of_Spokane_Cooling_Resources_Map/FeatureServer/0
Spokane Public Library Shadle,Cooling Centers and Spaces,1,Public Library,Spokane,"2111 W Wellesley Ave, Spokane, WA 99205",47.700479477291104,-117.44206633248831,https://services7.arcgis.com/YGmp70c76pih9ea2/arcgis/rest/services/City_of_Spokane_Cooling_Resources_Map/FeatureServer/0
Spokane Public Library Indian Trail,Cooling Centers and Spaces,1,Public Library,Spokane,"4909 W. Barnes Rd. Spokane, WA 99208",47.740427878391394,-117.48264432778402,https://services7.arcgis.com/YGmp70c76pih9ea2/arcgis/rest/services/City_of_Spokane_Cooling_Resources_Map/FeatureServer/0
Spokane Public Library Central,Cooling Centers and Spaces,1,Public Library,Spokane,"906 W Main Ave, Spokane, WA 99201",47.659266781728505,-117.425388050107,https://services7.arcgis.com/YGmp70c76pih9ea2/arcgis/rest/services/City_of_Spokane_Cooling_Resources_Map/FeatureServer/0
Spokane Public Library Liberty Park,Cooling Centers and Spaces,1,Public Library,Spokane,"402 S. Pittsburg St. Spokane, WA 99202",47.65236477868879,-117.385073358947,https://services7.arcgis.com/YGmp70c76pih9ea2/arcgis/rest/services/City_of_Spokane_Cooling_Resources_Map/FeatureServer/0
Spokane Public Library The Hive,Cooling Centers and Spaces,1,Public Library,Spokane,"2904 E Sprague Ave, Spokane, WA 99202",47.6570959982646,-117.36774251074101,https://services7.arcgis.com/YGmp70c76pih9ea2/arcgis/rest/services/City_of_Spokane_Cooling_Resources_Map/FeatureServer/0
Spokane Public Library South Hill,Cooling Centers and Spaces,1,Public Library,Spokane,"3324 S Perry St, Spokane, WA 99203",47.62433368094229,-117.390661489975,https://services7.arcgis.com/YGmp70c76pih9ea2/arcgis/rest/services/City_of_Spokane_Cooling_Resources_Map/FeatureServer/0
Carl Maxey Center,Cooling Centers and Spaces,1,Community Center,Spokane,"3114 E 5th Ave, Spokane, WA 99202",47.651614256545095,-117.36494949907,https://services7.arcgis.com/YGmp70c76pih9ea2/arcgis/rest/services/City_of_Spokane_Cooling_Resources_Map/FeatureServer/0
